{
    "capacity": 1000,
    "rate": 0.5,
    "eff": 0.8,
    "priceData": {
        "尖峰": 1.095285,
        "高峰": 0.921225,
        "平段": 0.631125,
        "低谷": 0.341025
    }
}